{
  "Loan Approval Rate": 0.8509532062391681,
  "Delinquency Rate": 0.09705372616984402,
  "Loan Requests per Quarter": {
    "2024Q1": 1159,
    "2024Q2": 442,
    "2024Q3": 470,
    "2024Q4": 539,
    "2025Q1": 139
  },
  "Loan Repayment Rate per Quarter": {
    "2024Q1": 0.808455565142364,
    "2024Q2": 0.7647058823529411,
    "2024Q3": 0.7106382978723405,
    "2024Q4": 0.7142857142857143,
    "2025Q1": 0.5611510791366906
  },
  "Average Purchase Value by Payment Type": {
    "AMERICAN EXPRES": 419.7583333333334,
    "DOCUMENTO": 1679.8966666666665,
    "EFECTIVO": 591.3069943335796,
    "MESES SIN INTERESES": 1022.484,
    "MONEDERO ELECTRONICO": 476.9721022727272,
    "PRESTAMO XIMPLE": 1292.71496373057,
    "TARJETA CREDITO": 909.5055604257983,
    "TARJETA DEBITO": 712.6990706260032,
    "USO SALDO": 942.88368
  }
}