{
  "Loan Approval Rate": 0.8509532062391681,
  "Delinquency Rate": 0.09705372616984402,
  "Loan Requests per Quarter": {
    "2000Q1": 28,
    "2007Q3": 1,
    "2009Q1": 1,
    "2010Q3": 1,
    "2011Q2": 7,
    "2011Q3": 2,
    "2012Q1": 1,
    "2012Q2": 1,
    "2012Q3": 2,
    "2013Q1": 8,
    "2013Q2": 7,
    "2013Q3": 5,
    "2013Q4": 12,
    "2014Q1": 9,
    "2014Q2": 9,
    "2014Q3": 12,
    "2014Q4": 17,
    "2015Q1": 13,
    "2015Q2": 10,
    "2015Q3": 20,
    "2015Q4": 12,
    "2016Q1": 18,
    "2016Q2": 8,
    "2016Q3": 14,
    "2016Q4": 16,
    "2017Q1": 13,
    "2017Q2": 8,
    "2017Q3": 12,
    "2017Q4": 24,
    "2018Q1": 24,
    "2018Q2": 22,
    "2018Q3": 23,
    "2018Q4": 52,
    "2019Q1": 20,
    "2019Q2": 21,
    "2019Q3": 32,
    "2019Q4": 38,
    "2020Q1": 34,
    "2020Q2": 9,
    "2020Q3": 47,
    "2020Q4": 33,
    "2021Q1": 38,
    "2021Q2": 50,
    "2021Q3": 61,
    "2021Q4": 64,
    "2022Q1": 55,
    "2022Q2": 64,
    "2022Q3": 94,
    "2022Q4": 117,
    "2023Q1": 94,
    "2023Q2": 93,
    "2023Q3": 161,
    "2023Q4": 162,
    "2024Q1": 173,
    "2024Q2": 190,
    "2024Q3": 292,
    "2024Q4": 299,
    "2025Q1": 93
  },
  "Loan Repayment Rate per Quarter": {
    "2000Q1": 0.8571428571428571,
    "2007Q3": 1.0,
    "2009Q1": 1.0,
    "2010Q3": 0.0,
    "2011Q2": 1.0,
    "2011Q3": 0.0,
    "2012Q1": 1.0,
    "2012Q2": 1.0,
    "2012Q3": 0.5,
    "2013Q1": 0.75,
    "2013Q2": 0.8571428571428571,
    "2013Q3": 0.6,
    "2013Q4": 0.75,
    "2014Q1": 0.7777777777777778,
    "2014Q2": 0.6666666666666666,
    "2014Q3": 0.5833333333333334,
    "2014Q4": 0.8235294117647058,
    "2015Q1": 0.6923076923076923,
    "2015Q2": 0.6,
    "2015Q3": 0.8,
    "2015Q4": 0.75,
    "2016Q1": 0.8333333333333334,
    "2016Q2": 1.0,
    "2016Q3": 0.6428571428571429,
    "2016Q4": 0.9375,
    "2017Q1": 0.9230769230769231,
    "2017Q2": 1.0,
    "2017Q3": 0.8333333333333334,
    "2017Q4": 0.875,
    "2018Q1": 0.75,
    "2018Q2": 0.7727272727272727,
    "2018Q3": 0.782608695652174,
    "2018Q4": 0.8076923076923077,
    "2019Q1": 0.65,
    "2019Q2": 0.9047619047619048,
    "2019Q3": 0.6875,
    "2019Q4": 0.7894736842105263,
    "2020Q1": 0.7352941176470589,
    "2020Q2": 0.7777777777777778,
    "2020Q3": 0.851063829787234,
    "2020Q4": 0.7878787878787878,
    "2021Q1": 0.7368421052631579,
    "2021Q2": 0.74,
    "2021Q3": 0.8032786885245902,
    "2021Q4": 0.765625,
    "2022Q1": 0.7454545454545455,
    "2022Q2": 0.78125,
    "2022Q3": 0.8085106382978723,
    "2022Q4": 0.7606837606837606,
    "2023Q1": 0.7872340425531915,
    "2023Q2": 0.7741935483870968,
    "2023Q3": 0.7950310559006211,
    "2023Q4": 0.7901234567901234,
    "2024Q1": 0.791907514450867,
    "2024Q2": 0.7578947368421053,
    "2024Q3": 0.7054794520547946,
    "2024Q4": 0.6889632107023411,
    "2025Q1": 0.5053763440860215
  },
  "Average Purchase Value by Payment Type": {
    "AMERICAN EXPRES": 419.7583333333334,
    "DOCUMENTO": 1679.8966666666665,
    "EFECTIVO": 591.3069943335796,
    "MESES SIN INTERESES": 1022.484,
    "MONEDERO ELECTRONICO": 476.9721022727272,
    "PRESTAMO XIMPLE": 1292.9153786307054,
    "TARJETA CREDITO": 909.5055604257983,
    "TARJETA DEBITO": 712.7347391234549,
    "USO SALDO": 942.88368
  }
}